{
    "userdata": [
        {
            "user_id": "000000000000000000",
            "cash": 100.0,
            "bank": 100.0,
            "items": "none",
            "last_slut": "2021-01-01 00:00:00",
            "last_work": "2021-01-01 00:00:00",
            "last_crime": "2021-01-01 00:00:00",
            "last_rob": "2021-01-01 00:00:00"
        },
        {
            "user_id": 608332782808203423,
            "cash": 776,
            "bank": 0,
            "items": "none",
            "last_slut": "none",
            "last_work": "2022-04-11 18:10:04.631099",
            "last_crime": "none",
            "last_rob": "none"
        },
        {
            "user_id": 597516319545622549,
            "cash": 529,
            "bank": 0,
            "items": "none",
            "last_slut": "none",
            "last_work": "2022-04-11 18:08:17.677154",
            "last_crime": "none",
            "last_rob": "none"
        },
        {
            "user_id": 518423820483428362,
            "cash": 53,
            "bank": 0,
            "items": "none",
            "last_slut": "none",
            "last_work": "2022-04-11 16:25:38.873943",
            "last_crime": "none",
            "last_rob": "none"
        }
    ],
    "variables": [
        {
            "name": "slut",
            "delay": 10,
            "min_revenue": 50,
            "max_revenue": 400,
            "proba": 50,
            "win_phrases": [
                "You made",
                "Your dad likes it so much he gives you"
            ],
            "lose_phrases": [
                "You were fined",
                "Your uncle didn't like the encounter. You pay"
            ],
            "min_lose_amount_percentage": 2,
            "max_lose_amount_percentage": 5
        },
        {
            "name": "crime",
            "delay": 60,
            "min_revenue": 100,
            "max_revenue": 1200,
            "proba": 30,
            "win_phrases": [
                "You commited a crime and got",
                "You robbed a bank and got"
            ],
            "lose_phrases": [
                "You were fined",
                "MacGyver finds you, you pay"
            ],
            "min_lose_amount_percentage": "100",
            "max_lose_amount_percentage": 20
        },
        {
            "name": "work",
            "delay": 0.5,
            "min_revenue": 51,
            "max_revenue": 200,
            "win_phrases": [
                "You worked at SubWay and made",
                "You helped someone do his homework and got"
            ]
        },
        {
            "name": "rob",
            "delay": 45,
            "proba": 50,
            "min_gain_amount_percentage": 10,
            "max_gain_amount_percentage": 20,
            "min_lose_amount_percentage": 10,
            "max_lose_amount_percentage": 20,
            "win_phrases": [
                "You robbed and got"
            ],
            "lose_phrases": [
                "You were caught robbing and have to pay"
            ]
        }
    ],
    "symbols": [
        {
            "name": "currency_symbol",
            "symbol_emoji": "grain"
        }
    ],
    "items": [],
    "income_roles": []
}